a,b,c,d
3.428174255,1.544245561,3.335448881,3.90088157
2.390506916,2.281371961,4.927615633,2.910646808
5.194142436,0.513592714,2.508072386,2.364633061
4.307015047,0.798008557,4.56855182,2.566827489
5.259162781,0.189096281,2.758841793,4.003235508
4.444264467,2.668735315,2.836587331,4.875998836
4.42251732,1.954065545,2.654752815,3.303388394
3.902159277,0.248476527,2.775322113,5.055605276
4.475946027,0.208229976,2.526267614,3.437073619
3.112108068,0.431688099,2.215254763,2.267144206
3.687055519,1.566230006,2.883791787,3.186490173
3.650551899,2.849997878,2.574466492,2.442002809
3.490786879,3.145462877,2.288210635,3.039902122
5.249945645,0.634463825,1.833536401,3.032796691
3.734479753,10.3551542,2.68720618,2.755051598
5.418300132,6.221424237,1.8204371,2.306752904
2.820502839,3.071282178,3.096132025,3.747493751
3.525780284,5.949896144,2.385084178,2.344297553
3.224835944,0.121628943,3.523555401,2.053053598
4.130477433,2.247199032,2.982319786,2.65358361
3.954480497,1.027219089,4.686555028,2.328445986
3.367328648,5.392381249,3.356136443,2.278074407
4.928312818,0.044673539,2.484619088,2.345762133
5.657463045,1.116117274,3.005557218,2.053888428
4.771831253,2.863963344,2.82081626,2.22356431
4.842201779,0.001865815,3.135982128,2.164111551
1.327295388,1.166406366,2.463146707,2.400331129
4.593393404,1.210725493,1.556358621,4.337602444
3.91634098,1.662113444,2.978677235,4.829457002
3.572278027,3.640395936,3.243337877,2.021915912
4.712094503,3.034917801,2.740414182,4.93062455
3.564346479,0.712708307,2.473129686,3.478404518
2.957117019,3.52685893,2.658243144,2.04787182
3.534827203,1.144478509,4.674567664,8.659771334
5.081596438,2.615943158,2.886891329,2.117746768
2.970815011,2.722890127,3.214786358,2.074432441
4.546134585,0.878206,2.406120804,3.757647897
4.679840709,0.841804059,2.198990772,2.140341693
4.208023251,0.326035021,3.061310694,2.068950672
4.602140851,4.29431816,3.803949366,2.370154332
6.870147794,1.806349109,1.780532465,3.742717168
3.856630032,0.192458928,1.968706464,2.360137677
3.250452802,0.316560285,4.439389326,3.105503566
4.306374221,0.615155276,3.200106221,3.071474463
2.958961575,2.642814015,2.320234659,4.078126282
3.964772968,10.53282924,1.950793565,2.064272685
2.965320965,3.491156783,2.086034942,2.75256281
3.740499417,10.77120037,3.798759115,2.398726668
3.184207119,0.102665914,2.513340997,5.077561047
1.8595449,0.857744418,2.359579574,4.191867311
4.060803109,2.198783984,3.902552064,10.06015919
3.202965304,0.365248349,3.592286613,9.472348425
2.631240553,1.999700427,1.939418283,2.191670872
4.830972786,3.875043741,3.77045753,3.688736318
4.152552634,6.366422265,2.709069315,2.007879808
2.338381464,6.994918713,2.639266291,2.920399016
4.77316389,1.581395895,1.736756181,2.689480299
3.045043739,1.810345418,2.409920719,3.404079928
6.285362412,6.571824316,2.746709783,2.021244276
5.700681884,0.284753104,3.151975964,2.312973967
4.068466532,5.28513702,2.435561921,3.204448818
2.402571954,5.48053389,2.949539389,2.758766816
3.341810415,3.129991461,3.066846705,2.113064144
5.307078431,4.04144325,3.080904979,7.563878085
4.104684158,3.714455369,2.187958211,2.208743225
3.496252528,0.545480178,2.566327023,2.103002038
4.346258686,3.767693302,2.884018045,6.051445133
5.919405901,1.304927862,3.603438182,7.943155232
4.863015134,0.507509786,1.772067093,3.123894295
3.255296475,1.091909465,2.321310406,2.022766917
4.934415065,0.688078819,2.070290504,3.882254965
4.634860717,12.13862313,1.958501732,3.67971115
6.58362401,7.395914246,1.710656651,3.268618423
2.331590601,7.16802847,4.75526209,3.34293418
4.027741713,0.935424685,2.779170122,3.120469826
4.755398844,3.861540839,2.362352147,4.902367902
6.071356495,0.507722968,2.502034074,2.047177085
4.272990269,1.025684039,2.623925211,2.05691758
2.848435329,8.801828157,3.271141645,2.082632549
4.676735695,2.900415124,2.21743062,2.425945592
3.195748964,2.197273336,1.759789316,3.23545228
4.519855293,6.578808639,2.799174613,3.404432918
2.534181872,3.481556037,1.828063725,2.072354846
4.75656757,6.647867353,2.900811742,2.448112746
3.846036738,1.750439775,3.419744818,2.611078098
3.901569696,3.072773354,2.982301092,2.370021517
3.091330146,4.16099075,3.286773819,3.767719895
1.830269587,3.388711938,3.079994157,5.674643017
4.388237247,1.324416175,2.816508199,4.902097818
2.657254695,0.336478635,2.072264543,6.106579601
4.217034941,6.311938347,2.604186974,3.229015106
4.227406945,1.084817851,2.887146396,3.856837653
5.147816615,7.752799184,2.710272686,2.769323573
4.175551171,1.748870584,1.787924866,2.171799104
3.406372196,3.525292569,3.222178905,2.111018421
5.594702298,2.306467354,2.543692133,6.833016947
3.205910621,1.307812857,3.583925305,13.61821997
5.541607425,6.842078151,2.900954909,3.889693459
4.554994659,2.440225169,1.898189716,2.180605658
2.800446629,5.009987609,2.546054431,3.837785816
3.604723232,4.988200426,2.881831377,3.173305943
1.75220027,0.728529476,2.730273238,3.215715329
2.913740693,0.449475487,3.03603294,2.416030141
3.30304518,0.825302728,2.495235517,2.032860294
3.678476436,5.597740837,1.740140726,4.606737991
4.622664492,0.759645825,2.694853567,2.78576605
4.885952664,3.315650184,4.041790931,2.556365002
3.338590123,5.545080572,3.57454847,5.057341002
4.438173149,3.168587912,3.43150449,3.753801879
5.463588315,0.236489528,2.797641411,6.504196662
5.915328432,1.656041732,2.458361231,2.379726413
4.127992292,3.258805057,3.199206605,2.51131936
4.620508443,6.193791158,2.66703452,2.592836668
4.235436943,6.107421774,2.388621952,3.340979643
5.129606408,0.086249267,3.273755383,2.171695858
2.071844745,1.447235582,1.999092953,3.22996157
4.902584411,19.59164658,1.940128797,4.250945011
4.691639394,0.865399956,2.399781151,4.211289893
3.405737158,6.051188756,2.958679363,2.956308476
3.729065191,1.858986168,3.372318943,2.00519247
4.792960435,1.809276668,2.99689502,2.520881294
4.59195129,2.045091222,3.286832299,3.156376883
4.821294767,1.409788161,2.57615147,12.81801139
5.172730499,5.050723467,3.122208238,6.511701493
2.208857403,6.273588122,5.260174171,2.433060089
3.270117148,0.761363407,1.749782641,2.925724875
4.115293588,3.1800524,2.381959188,6.213249127
3.578697121,6.805526725,3.605225605,4.531796358
4.815093769,0.972577826,2.059578831,4.689710983
3.6302405,0.869550614,2.816136803,2.017639334
2.838839549,0.817034798,3.714011986,2.312238553
3.467846411,1.694376493,2.512836662,3.052240911
3.201162134,1.41173483,2.092685482,2.912365823
3.458281849,2.842798668,2.682025229,2.162692039
3.901684298,0.272130813,3.002129293,2.553383224
2.636709499,0.34703549,1.997399533,2.082295064
2.5352083,0.573684536,2.017112026,3.146817773
3.569138401,3.3566219,2.482536379,8.499191743
4.756159376,1.567872832,3.059478056,6.240550909
4.197096068,3.701013809,3.651501233,4.549468861
3.348242221,16.1974515,4.377502616,4.699901507
4.614613223,9.772290291,2.043221739,2.003903372
3.223669909,3.437936875,1.760795701,2.715042976
1.388673322,10.40549644,1.756971204,3.809984142
3.097450158,7.284227842,3.131624276,2.170870737
4.602704189,6.534006595,2.786747271,2.142859913
3.041432589,0.305380328,2.78025795,2.588561584
4.6463121,14.99176329,2.604382684,2.222822545
4.217601609,5.798841449,1.726882089,3.663816195
4.516973887,4.111417071,1.865993715,2.432514901
4.644799477,2.363720888,4.541156641,2.922356758
4.051664482,3.196979545,2.971315288,2.035782919
3.153852512,1.805215812,3.970209043,2.524613593
5.568109203,1.773739275,2.58370253,2.316373358
2.833310686,0.247160778,2.601255809,3.661906933
2.918352294,2.035564764,4.19383678,3.76031213
4.856091179,0.140424144,3.058263332,2.641809316
4.773361386,0.144351165,3.540997864,4.895367728
3.700044584,2.937906098,2.223154992,3.818458601
4.957668278,0.722389031,2.159720645,2.540315809
5.348645466,2.123106032,2.459550472,8.218948681
5.229875057,4.854427984,3.357992321,4.627418011
4.830181025,0.11172074,2.241011025,2.968760276
3.300856678,3.346258093,2.204041482,2.269448653
3.612116228,0.254580226,2.336250041,2.644337165
4.426565918,1.681406283,1.972812411,2.033864658
3.837643826,1.218385979,2.986121169,4.202363939
3.072400559,0.386095493,2.653703778,3.24555287
5.04904985,1.313038469,3.717912494,4.320489025
5.068121954,2.076002874,2.259831268,2.398986369
3.166634627,5.900621579,2.787844496,3.021440829
3.290651053,1.959878285,3.753871447,2.469620733
4.616614282,0.169864311,2.305367771,2.432714687
2.541220669,0.035052957,2.513257978,2.281926696
4.705653172,1.517235607,2.083636697,2.30671728
4.895314422,7.189184324,1.941496159,9.376178173
3.744714533,4.31574414,4.305100551,2.52702055
4.156112814,0.017511525,2.799051298,3.266064397
5.524388052,5.857967831,4.589683988,2.816147767
3.219775156,12.88816908,3.597980847,4.54926623
4.035315479,3.350478389,2.847318589,3.119456337
2.907010264,2.881671688,3.507840126,3.769806849
4.479534395,1.107523757,2.598764958,2.959383848
4.853778686,0.912808027,2.491616674,7.375906674
3.897423747,0.382412656,3.328429705,3.488277514
2.668383382,0.287483267,2.473795924,5.105057703
5.900898834,4.275624949,2.810103897,3.309684845
4.442162448,0.814670181,2.82892779,4.489389218
4.612082125,3.397521377,4.065625923,2.21983315
3.667083676,0.291384804,2.945726774,2.546963148
4.808025216,0.755673863,2.853910219,8.296110239
3.684992541,0.171925683,3.089609844,3.366642283
2.97047511,1.070259235,2.3108976,5.500032618
4.07467067,0.002001065,3.870732219,2.629307226
2.490771695,4.230803251,1.964751071,5.215747549
5.505903181,0.967809791,2.432050276,4.850126813
4.944431842,0.157086482,3.944151538,3.206860401
3.953447111,2.502952531,2.311790001,2.460883806
4.82821937,1.424776342,2.981686747,2.35337246
3.446406963,7.695249135,3.015762307,10.19460103
5.191075807,0.718535216,3.149604203,2.772252385
1.923095312,7.265462062,2.869045153,2.926974825
4.49160277,5.591461051,3.546472736,5.191126048
2.462240415,0.928068887,2.878699043,3.886104423
4.646690751,4.719024001,3.499044345,2.454262321
2.131740954,2.180405524,3.299464788,2.065517159
5.312086344,5.189844347,3.295372777,2.041805549
4.126780131,0.621017411,2.203230133,4.036100397
4.532639942,0.605718417,2.882132042,4.507316585
4.226622057,0.89639169,2.904514727,2.160201908
4.490649339,4.830552241,2.015961437,2.017079899
2.760855984,0.682233135,2.914565566,7.8609511
2.841246471,7.802312484,1.809041996,2.601595663
3.926569812,6.799039453,2.784100372,2.38551028
4.866100571,4.408125983,2.121845629,5.248687468
5.781553572,0.317143393,4.829356974,2.091449944
3.434797702,10.74210477,1.60765586,3.398679744
4.809995923,0.119369334,4.21178946,3.296220938
4.38104727,0.664695973,3.754227071,6.244817146
2.633113432,2.444412783,2.669943279,2.727606622
4.558868789,1.040604283,3.40268442,2.036086515
5.277821219,2.585311149,2.983984493,2.738553427
3.052804264,2.168381862,2.031995941,4.316035347
4.965786465,7.747318733,3.598726698,3.302590195
5.129745806,0.667034101,2.11816143,3.763021379
4.420181309,1.742139645,3.195529419,2.286256218
2.353590116,1.54140372,2.96404969,2.011171066
3.894753055,2.242161031,2.207741424,3.823549685
4.429538858,1.769688622,2.300249333,17.37113856
4.403801216,1.822252702,3.548334426,3.251800056
4.09037756,5.645143239,3.017534652,8.669082973
5.238376347,0.785546384,2.274932154,2.251574828
4.588757118,0.739694058,3.230619169,2.806518051
3.844235828,6.714210251,1.88017092,9.272334534
4.607280236,3.778628555,2.500586581,2.446761471
3.76772376,0.109547971,3.188265465,2.320879542
4.681238637,2.871362443,1.827361997,3.278070994
3.963309056,0.720460102,1.935481136,5.677859368
3.382419025,0.783375954,2.518769216,2.023401629
3.882714912,0.17052763,3.427884346,2.062291563
5.757690574,4.74206212,3.493653303,2.242315204
4.882433232,6.08873835,2.622684768,4.283454395
1.313476298,8.055572249,2.435624479,3.079415866
4.665790795,1.63321446,3.758606878,3.443003406
4.710693814,8.175300835,2.637148582,3.610926252
4.225744028,0.433233014,2.510785613,2.381700813
4.197736608,1.847595615,2.974991998,2.359302645
3.279474498,1.360158655,2.474525325,5.377621521
5.924541898,0.060250041,2.852841095,2.094669194
3.830367137,0.090717347,2.907643991,2.441840114
5.026040164,1.015162837,2.542461417,3.681565095
4.693220426,4.120017956,1.644910604,5.20254772
2.955735582,1.041512787,2.354314032,2.152515272
5.485669753,0.63165255,2.402136238,2.088661701
3.773489245,2.847204401,1.747526673,3.054591113
4.703663038,11.48613623,4.36588572,4.794791918
4.258777896,0.269877149,2.792894517,2.578745617
4.92478666,0.775812218,1.897084923,2.380895072
3.936509769,0.988352895,3.448983752,8.308494734
4.129590912,4.32925894,3.340120669,2.563988365
5.277706631,4.020782097,2.930597482,2.08479856
5.361461163,4.061433813,2.217501353,2.360100311
2.358589982,0.019655895,2.875938192,2.88453548
3.362027914,5.14056914,2.024558312,4.051953476
3.691932893,1.48057097,2.967633135,3.993719379
2.816279255,2.034769081,3.360607282,3.660013816
4.039176109,2.771771981,6.0323479,2.376046598
4.83269969,1.334073114,4.838278108,2.696462641
3.166839176,0.587812163,3.102489013,2.169550302
4.280653488,2.926249137,3.583848091,2.104721512
5.06286894,7.227913469,3.879910138,2.136106422
4.409994836,1.321807937,2.236307469,3.248376913
4.745997693,1.256054764,1.609088043,14.35814265
3.594360971,13.67602061,1.797847361,3.352551433
5.363538795,6.103181649,2.400210932,4.001406409
4.344603156,9.897281765,3.415037272,2.373523221
4.42587726,5.030965549,2.663862551,2.460436946
3.102502173,2.393616657,3.416481832,7.145411856
3.578661261,0.445540511,2.588360299,2.478223236
1.817048969,3.009568775,3.490973823,2.241918473
4.220832532,0.277769464,2.142450413,2.163172407
2.826312261,11.78274569,2.000803569,4.961801209
4.274330019,7.13819087,2.186278251,2.008456067
5.572465882,0.032014458,2.42931448,2.155573417
4.014502539,4.80107397,3.042038082,3.609024638
4.104192592,0.823502511,2.578077999,3.45392528
2.553165577,1.590212086,3.684577984,2.612316417
4.361051257,5.445221931,3.801105643,3.47778893
2.90465685,1.368480126,2.015195246,2.321796231
1.984178642,2.342669317,1.516277226,3.33261956
4.708099313,0.214306693,3.105174751,2.407835308
2.431456238,7.918413418,3.358264971,2.655387578
2.101752257,0.176930475,2.017281149,3.595024809
2.565118293,11.44883291,1.903099637,2.222188427
2.985731995,2.697573253,2.296284386,4.634380901
4.096803518,6.760618393,2.542592319,2.773194708
4.765264559,0.208934219,5.077989668,3.843538624
4.841383665,0.031902351,3.083044392,3.285233194
3.591562672,3.030670945,2.644923771,2.222798301
4.071208156,3.445956376,3.329100824,2.848145735
3.505764417,18.93390562,2.577868592,3.178784109
4.285633725,3.118641019,2.18338544,2.000621296
4.350107982,6.06985299,2.401206193,2.00062027
4.085595207,1.901591531,2.356747218,2.583825839
2.90522245,0.189984697,2.378410558,2.381414586
3.879090547,3.745999394,3.447955084,2.134213416
6.133372576,0.03171958,2.079469322,2.023029199
4.722193909,0.283565973,3.839214566,2.291229659
3.72844526,2.114355571,2.266113607,4.203620259
4.040769127,3.28339837,3.143545441,3.148845707
6.06198579,4.60624847,3.381589936,7.118670601
3.736705426,0.713885943,2.519001645,6.320555418
2.538755539,0.388050989,2.145695547,2.188595706
5.346717038,0.022493309,1.767074806,2.895955926
3.947953465,1.620734913,2.547607492,2.467973877
4.08576167,14.51185523,2.755550368,2.065611383
3.481200415,6.674084646,3.290430434,2.744149973
4.911433277,4.547698587,3.044112964,2.146066541
4.237830675,0.50583939,2.273220945,2.093804535
4.46705251,3.053510134,3.069541491,3.35951402
5.104636327,0.179764965,1.99428475,10.45608691
3.516847252,2.255279819,2.848045106,2.994985312
4.725793479,1.010197276,2.214517662,2.154574817
3.406296406,3.516004744,2.362806067,2.046022498
3.26917548,0.628332109,3.030082664,3.105891423
3.915502113,0.212574489,2.667774871,5.45418442
1.834852838,2.850495601,2.570379919,2.257192308
4.955703787,2.896172404,1.800423193,3.304716161
4.303755489,5.792610408,2.740370536,3.612073567
2.699953749,1.535921678,2.841957914,3.916766191
3.725833453,6.305209586,3.591558509,2.165627457
2.764576471,2.460029883,2.158298352,2.568473596
4.08658666,2.394047719,3.819665068,3.549168018
3.743463182,4.243892204,1.512659743,3.175555466
5.082486618,2.79933958,3.153449016,2.910049633
4.389115775,0.971367724,2.948553915,2.127724952
4.570279839,4.880443946,2.631925289,3.274319895
2.648433127,1.909012318,2.684528912,2.21135038
4.591213404,4.936432795,3.181185439,20.55640771
2.998713163,6.488396268,3.788738422,2.076150912
5.166069172,7.116782653,2.308930567,3.548687336
5.770112379,1.507320161,2.573043773,2.222767911
2.876756767,0.129327969,1.874188805,3.774060029
4.472392697,1.291424493,3.639353894,2.939158236
2.06739764,3.368534694,3.37333577,3.527924241
3.690979489,1.722020304,1.875725645,2.651436443
4.241799348,2.42866205,3.240678165,2.477848784
3.882382243,2.455796937,3.581771941,2.468591443
4.456006584,1.263617944,3.049661277,3.151858166
3.198781127,0.884109347,2.203301662,117.0789738
3.078755706,2.58189211,2.663656394,2.093313039
3.082232313,0.580221432,3.223888974,2.634080656
2.590284629,3.525734288,1.961815736,2.182470202
4.016688142,0.182414895,3.354581998,4.704976509
2.9247982,0.906034974,1.636632464,2.579358658
3.748722533,0.139477481,3.058834559,2.209918444
4.497852049,18.62026883,3.990727869,3.337407316
3.925462066,4.349745436,1.773456391,2.120554752
5.236509078,3.288034178,2.845246661,3.359799448
3.647994347,2.928326454,3.304228903,3.052406049
5.030100699,12.93125627,2.890691113,3.672139162
4.750741543,2.174570859,4.563890641,16.07472866
5.992289149,3.68484546,3.627868058,3.257778778
2.632352358,3.259527751,2.329269163,16.07728342
5.248971514,0.191537588,2.753155389,2.05863955
1.572876986,0.244442812,1.821068769,6.249382244
4.088494685,3.248654956,2.051673809,2.069919804
4.934324232,6.705890562,3.148246731,4.898192793
6.240586304,10.51916282,2.381518356,2.312259721
4.980346896,2.958539883,2.727676146,14.58105379
5.088590111,1.065479315,1.781642046,2.332948794
3.606306081,10.91305552,2.262313074,7.602009358
4.700673574,0.919283597,3.892756313,3.253232764
4.46746946,9.936986489,3.201933052,2.454398651
2.757094415,6.153666158,2.695222187,2.520893404
5.295568759,4.81139883,2.175417112,2.190111745
4.262975839,0.642041505,2.67418863,11.2868993
2.988696275,0.286226997,3.421905339,2.213033962
3.204454686,8.95149868,2.205852063,2.181643074
6.105972239,0.475428193,2.316181308,4.310743408
5.015873493,1.850708715,2.390494927,5.011578264
2.131858245,3.690794888,3.484469767,3.582626775
4.318176164,2.103762597,2.726914752,3.891526147
5.363570848,6.42775888,2.629644506,2.652611773
3.752383951,1.082486515,2.037453812,3.205543239
3.542831347,0.321834164,2.860605614,5.545138239
1.519858987,0.654777047,2.682323027,2.598665234
4.689093601,4.676554428,2.004406312,2.366385516
5.301286765,0.971107723,2.4665257,2.716685243
3.089055261,1.23195839,3.284109288,16.05602
4.074489331,1.283049661,2.015659682,4.124984191
5.091045894,0.583559084,3.627364239,4.10124088
4.951136539,1.737700288,3.200175058,3.066247979
3.071401776,0.242656989,2.83052383,5.418619158
4.875615404,4.206535637,2.622452523,2.502211314
6.320146736,0.364052321,3.551370926,2.105711822
4.399340238,1.478256952,2.214454829,9.659713225
4.52439533,0.636901467,2.088949388,2.254759215
5.633088178,2.178126081,2.150301864,2.167734284
4.030778596,3.913410652,2.504341118,5.316475316
4.439013995,1.389171593,4.291100574,4.092226656
3.212187567,0.468127966,3.181524507,9.113454407
3.856050861,0.645587444,2.287878225,7.857651524
3.624344042,0.063953193,2.147058159,5.298506502
3.836838092,2.728917449,1.81477551,6.757932146
5.403160611,1.659687139,2.471157825,2.287440407
3.871087226,2.893999601,3.356223563,2.722727491
4.758606267,1.786256446,3.002100366,2.717783355
3.333185384,2.225946095,2.683383677,4.704646914
2.950999636,4.638766463,2.236143395,2.139160984
3.589222916,2.348599008,2.184112431,2.513164336
5.359980071,2.087242376,2.281825026,2.623958991
4.111751264,0.492909864,1.880445311,21.85264703
2.782393116,6.072421528,2.870087183,4.61374356
3.673332176,3.493477196,2.226245609,2.857740364
5.135991633,1.371166143,2.234965234,2.533134594
5.892811183,4.983030286,3.64530926,2.421749094
2.959190692,2.568396787,2.100246091,2.135662414
2.964489568,3.147316168,1.736603774,4.768845172
3.17850772,5.855999838,1.553619321,2.009386191
5.256428441,0.069007457,2.139686376,2.329055386
3.276414169,0.238442371,2.633139696,3.115140833
5.892372893,0.220539675,2.082475488,4.511048346
4.953649973,1.511996326,2.833370735,3.758617829
4.993304311,0.435408596,2.166392313,5.095479728
3.2795147,2.285465572,3.501903579,2.162563473
3.211160883,5.51604763,3.310015261,2.957995217
5.500843343,1.431922704,3.532333976,2.275944706
2.976754114,2.162845941,2.71931428,2.012097032
3.979955466,1.495577595,5.941485162,2.955279114
6.039266564,1.604730553,2.371660716,4.163893361
3.139555678,2.536711995,2.35577601,2.164290711
3.930266411,0.374570899,2.536616144,2.852113757
3.349907369,5.126241016,2.014001993,3.607205993
3.788397216,5.165048429,2.394715261,2.845983686
4.77200054,3.715052581,2.367821738,3.310673009
3.493151357,1.16879748,2.852277711,2.429879118
3.713419176,0.045747745,1.517114094,4.638071961
3.09364015,2.315719544,2.376407631,2.062850733
4.376202239,3.164616401,3.061366769,2.435253335
3.886659687,1.371847306,3.28447911,9.566643919
4.891269466,8.630912084,3.064019545,2.840454232
5.822714186,6.21911426,3.649389972,2.262044997
3.557487247,0.576588393,2.95931171,2.028089563
2.862398215,0.021123544,2.947435786,5.30305894
6.168134366,1.475809188,3.089295021,2.28297808
5.198661847,5.448788327,2.853703064,2.214662974
2.260494352,2.82114317,2.464475516,18.49871546
3.409962365,1.014620332,2.699402167,2.298247003
4.712350946,2.611329823,2.900605672,3.099234203
1.881794901,3.584338998,2.699687093,2.014727839
3.959551354,0.07423058,2.25238624,2.073177464
4.76435708,5.697891026,2.073515273,3.360849188
2.269758636,3.112495644,2.313272978,10.79452562
3.318120437,3.079304944,2.124863765,9.900178949
2.617450466,0.625684217,3.830943545,6.450290038
4.074702273,5.437650999,2.865229869,3.416931037
3.127859068,1.390738104,3.175725582,4.332906739
2.436886013,0.321259044,2.750942424,2.495353105
4.059926451,2.989809088,3.333671622,12.57008876
3.789008466,9.738089886,2.106158882,2.264518482
3.241626293,0.087878003,4.595552913,3.031790966
3.175871876,2.289764313,2.475951091,3.990545278
4.156750293,5.547017803,2.022349783,4.920449917
5.11784529,5.044411204,2.703671377,2.130815191
2.647560883,1.272490119,3.316786395,2.44882576
3.922192653,4.014704301,2.728700523,4.252502998
5.011168467,0.787614476,2.797885326,2.039750532
3.863675833,0.747818114,2.047290053,3.874109024
3.336967669,0.601529168,3.366207587,3.108370791
4.622832698,3.134430901,3.94903474,2.405064711
3.85830094,3.727761403,2.609216669,3.336220382
5.313542742,0.239887089,3.259968093,3.225275756
3.410487546,1.580854428,2.301632416,2.185634028
3.50872585,1.955653558,2.247094723,6.647789206
4.288360472,1.491468041,3.256096048,3.532889112
5.071242729,1.651724746,3.329546753,11.11324151
4.079075854,3.83516047,2.109440674,5.955701425
4.173406677,0.414665247,3.920250316,4.681814427
4.507929172,4.936614181,1.968871462,5.34614196
4.521394842,2.059508632,3.593097474,2.553224737
4.754707042,0.444229654,1.475861124,2.99446231
4.618604029,4.341030511,2.354214877,6.312675366
4.189480354,0.30725317,1.882555932,2.468638028
4.076618585,0.626164439,2.032651923,3.521278827
4.395766685,0.765949235,1.645386036,2.618923181
2.269740275,11.14714934,1.917512657,4.267147261
3.66766489,1.005798734,2.301322788,2.146805751
2.291636747,0.83586814,2.772386061,2.358541977
3.86528932,1.337852746,2.157931044,2.095517529
2.012554678,0.254459156,3.61557649,2.183135348
3.070553585,1.083003915,3.002568056,2.672661581
3.60285585,0.613968817,4.080673735,2.918539932
4.447112186,0.436622437,2.877369087,2.383923475
3.069510288,4.23239766,2.462579416,4.305592634
3.678342206,2.693451053,2.112317946,2.775927775
4.555009977,1.735530546,2.047823938,2.826782072
4.891511403,3.438805121,4.261988788,5.409026863
3.583826375,1.22876302,2.842878544,3.738189181
2.653693486,16.1869008,2.946942695,2.131258038
2.531468442,0.106886635,2.275100701,145.4620038
5.030054748,0.79002082,3.444056641,2.096050915
3.980333321,8.052330905,1.72082335,2.29503951
3.817538284,2.572368841,2.623324924,3.04499948
4.058650585,0.053951095,2.511958917,2.316256161
5.186867015,1.242899368,2.689882357,4.810379019
6.224561837,3.364022361,2.892754733,2.153811996
5.102607348,5.931397702,3.444680677,2.44733117
2.206849067,0.082248982,2.44695282,2.430530845
2.127749805,4.233785673,2.34213169,2.498709975
6.775817244,1.422853276,2.005171268,2.10197191
5.982935538,0.127916269,3.579100301,7.385721114
4.430347706,4.673878562,2.397614185,2.835526145
2.676382749,0.40056853,3.200886962,6.89275931
2.831068685,6.451113322,2.416606371,4.650355607
4.669214127,1.858228053,2.859065733,2.123857979
5.479654476,4.867625304,2.893341499,2.142101103
2.262654508,5.933197543,3.080536129,2.427928474
3.368517879,2.269940181,2.488224242,2.098254172
4.666529355,1.340360473,2.813577938,16.59350905
3.037382245,4.636225909,1.939635198,3.893857857
4.913000507,2.562228672,3.095824436,2.183140145
3.815532254,0.580541811,2.83583039,2.265060313
4.501109588,4.002939027,2.413633162,2.740824664
3.665402839,4.741283982,2.653582337,3.139157682
4.287273331,0.659525435,3.097754852,2.2698148
5.562664309,0.005568449,2.848998557,2.174806891
2.225669302,0.924441237,2.640021752,2.051701589
2.604414031,11.41869517,2.604294479,2.987766229
4.158471215,1.394808029,1.923846993,2.932122835
2.606608176,2.632667038,2.758039973,5.54730304
4.205696675,0.723420923,2.539818051,2.048642957
4.149047611,7.424045922,4.29007478,8.538984764
3.372697928,0.434963543,3.651590237,3.377496031
2.396652677,7.880586277,3.002409208,3.344080406
4.409602374,2.391842327,2.713157081,2.636044825
5.106605432,5.658293676,2.602610753,6.257310501
5.298033818,4.589581218,2.285176984,3.045478739
4.845951636,1.982710163,2.535797784,2.543211067
4.866250895,0.975731788,4.326761565,2.159414537
3.327923245,5.909903383,3.187845029,3.471636604
2.653558563,3.632648146,3.340660285,5.794154859
3.336174564,2.985860788,3.801881905,5.60189878
2.894178446,14.2586728,4.156154154,15.73411427
3.909416427,13.63509415,3.210831586,2.178825207
2.94316384,1.777404887,4.239938219,2.118878266
4.645969983,0.685795526,2.839169902,2.721839605
2.324649754,1.983240509,2.262598669,8.743682879
4.314365751,1.323578079,2.131281772,2.337027487
5.957686165,6.610655283,2.930946993,2.592655263
3.854312359,0.056771369,2.055396334,2.664991733
3.945457706,0.311981061,2.287265397,2.381698724
4.623692357,4.48096079,2.614670316,6.796548519
5.612741572,2.891484476,2.953129859,2.59192367
3.820832463,2.185289331,3.228577045,2.390747007
3.263956367,13.12373554,2.130499845,2.157159972
5.548074116,11.49858862,2.547115796,2.623664041
5.515707045,2.493341156,1.567188007,4.636066298
4.043358871,0.730772554,2.792392635,4.868880241
3.611646069,0.521565136,1.857708827,6.656139543
4.452895145,0.748297351,1.93031064,4.041086149
4.905932866,0.186984595,2.443606727,3.116711412
4.970109551,3.083521204,2.932493817,12.39905342
3.255064045,1.13437664,3.160851601,2.112178821
4.099223613,2.294135325,3.437769077,2.51816631
4.161348034,7.458955753,2.799179146,4.534806943
4.017834765,2.020611401,4.006082123,3.402496
3.184723012,9.548118528,2.027571945,3.632902865
4.146470533,1.654182455,3.965102197,3.306753268
2.950457828,18.3555686,3.948508699,6.01793587
3.118053441,5.091599697,3.093603812,2.006028621
3.581340955,3.928938083,1.898266843,2.110138075
2.954057092,7.006004058,2.772095143,7.972752708
2.884633632,6.73219396,2.968379876,2.222118554
3.814460242,6.426801945,3.169511353,4.457427952
5.228195395,0.190254068,2.200829337,5.748073684
5.152607711,0.699844943,3.514288559,4.008948328
3.817704711,2.544169472,2.355233024,3.980342233
4.652091641,2.267957182,2.135852885,2.834265574
3.929556888,4.698347,4.332963108,3.357147216
2.925618972,0.586518789,2.783123784,2.292873163
3.171166656,3.809822564,3.603950501,2.595344451
3.646960712,0.255655599,2.523209594,3.744543589
2.378423154,0.46108927,2.156582169,2.19545813
2.761285018,2.487497713,2.741256618,5.171201359
5.114006783,5.160472717,2.531652717,2.995327819
4.2797138,0.861661582,2.662249167,4.558989854
4.705269162,6.099384472,2.585305795,3.224501289
3.704066494,0.008097667,1.76693639,2.783661167
3.61793289,0.935475088,3.120560197,3.36692517
5.061870921,0.289547966,2.130311362,2.445969464
3.548987703,3.146081974,2.599059625,7.893920524
4.931189947,4.695632768,2.170581649,3.336828753
4.615767053,9.153102653,3.575555091,2.330465156
5.218513546,1.846641286,2.503189614,5.226123036
5.678667097,1.012446413,3.057305016,2.276402878
3.597446184,2.807644388,3.192121757,6.556652453
3.955777676,1.743936757,3.565860812,2.468831372
4.733074196,9.311331116,4.227797399,2.394850225
2.814725535,2.536218455,3.702881689,3.527411232
3.995324002,3.761603644,2.043329882,2.098277353
3.148752142,3.719904483,3.40329826,2.143750633
2.275851757,6.430997054,2.490459752,2.077827791
4.522353953,0.758700952,1.994556562,2.017357763
3.367232386,1.099673018,3.752713816,3.372546295
2.581315785,3.657557206,3.818904316,2.226259357
3.922451506,5.120830369,3.168126697,2.816270203
2.849742957,1.272234117,2.664054418,7.250701786
2.939933869,0.017208064,3.309984625,2.256162355
3.982043538,1.705490028,3.201781527,2.5859248
5.256961264,1.272131344,2.529820797,2.052763983
2.915968913,0.606725188,3.313751596,2.921458135
4.209959863,0.00261535,1.93255115,2.347717392
4.936939338,0.640363653,1.648229144,3.134965691
3.033623945,3.646151997,4.03454892,3.051987872
4.825211256,2.468370008,2.230965698,4.927682687
4.409879852,0.742117903,2.333471282,3.453664778
2.603845755,2.722469851,4.399110519,3.962757393
4.535609339,1.268362572,2.380034782,3.171261061
3.96063379,2.416745727,2.823058801,4.971784577
2.664682062,1.007077188,3.215061346,2.188824246
4.596956367,0.068892206,4.122448018,3.132025076
4.2201541,1.830280705,3.044221135,2.016657473
5.952812532,0.298004652,2.909088817,3.024976624
4.432652712,3.308392232,3.147881168,3.077346879
4.687496242,0.24535455,2.928193517,3.158845403
3.569614027,1.798036689,2.816823356,4.574713818
3.927905972,0.628274021,2.668872496,5.735514685
4.26836721,0.799774818,1.977332268,3.105307129
3.032470444,1.615969212,2.306110658,2.145555882
4.518299617,0.184195668,2.585416387,2.011608841
2.678933611,3.064898798,1.795844663,2.428487978
4.799474454,5.702811699,2.503561708,3.231489569
6.092927021,0.958997948,2.415176635,7.067802846
6.122805723,3.804389546,2.452664817,5.035732098
5.749512316,2.257705429,3.617541157,2.277119769
2.58129736,0.483592147,3.643152341,2.094575809
3.876438681,6.282960685,2.249394897,2.099765535
2.893667103,5.733270699,2.68985923,2.807765217
2.956444073,1.794327531,2.955461954,3.111278398
4.812257166,8.250906701,2.885047296,2.538293348
4.031168639,1.201261917,2.77995507,2.282240323
3.979386592,0.830322221,2.66204741,5.111088277
3.84247309,2.361616237,2.71630813,2.098856124
3.963474688,8.947621387,1.898468244,2.308120183
3.438274674,6.825511427,3.80808304,2.471732076
4.267411097,8.100506733,3.144040075,2.104040364
3.648375728,0.042157336,3.592349183,2.660894995
4.944318888,0.712782149,3.253895473,2.041064052
4.563119901,2.01483103,3.244089383,6.535278366
3.341971431,1.485453169,2.119122461,6.105654558
3.634270561,3.542081099,3.514121625,3.036486174
4.520702895,1.060915727,2.335018509,2.218953486
4.763092576,0.47834516,3.090780767,5.819593373
3.169603214,2.349209406,1.609236219,2.64063627
3.11547055,2.577723638,1.630273389,2.03129708
3.522800151,0.734639436,2.341983047,5.669385258
3.046889584,0.605463951,3.059056009,2.0351517
3.744218071,7.335203953,3.261070855,3.67165212
4.958839969,0.412155835,2.575762521,2.894230132
4.372083161,20.80883229,3.029052731,3.406238477
5.601427344,2.138414217,3.054129443,3.10202504
3.760816883,0.764874783,2.998831798,2.964849457
3.331237147,0.588332663,2.254929701,2.469478508
5.51205097,2.288883405,2.626951868,2.361181536
3.969534481,3.263761375,3.815591359,2.231193875
2.206624799,0.209516165,1.927812867,3.482012758
3.977893905,2.300028321,2.006936214,5.843712146
3.462450705,2.583341866,2.637304671,3.753379705
4.085707086,5.801559078,2.662921664,3.657249681
4.805163176,0.723844514,2.440399865,3.480564181
4.054731836,3.071067702,2.333200869,2.402639766
2.791456456,1.006707312,3.674499906,3.040216218
3.474309934,3.032606486,1.776900218,2.927520911
2.852798317,1.756656616,1.823875731,3.964277106
3.317289286,0.251842191,2.295656345,2.83153897
5.014341562,4.491784442,1.934204047,6.432042412
3.18700038,3.830669503,3.685762884,2.957081974
6.088970883,0.815250238,2.434484643,4.940554447
3.426299286,4.194980784,1.86856443,2.066179817
2.379080766,5.608723055,2.668677019,2.587262912
6.394220352,4.593837915,2.339990135,2.215233292
3.624773827,2.680626676,2.137069318,3.543403416
4.062704152,5.4583198,2.607327472,2.232159345
3.493741071,0.260713894,2.378211925,3.153514261
2.049311777,0.265593692,3.468647092,2.073471539
5.341883662,1.203511571,2.814915303,2.435577462
4.477350695,0.684093046,2.005110714,2.706406693
3.380006486,9.82844173,1.954215464,3.375305953
3.457612234,2.403771962,3.938113956,3.411891855
1.914729472,1.662547176,2.484828014,2.213854376
4.670621585,6.201504956,2.513866503,2.180953151
5.242884015,7.607462902,2.194648428,2.250474107
3.604137258,0.497333732,2.075115062,2.529423502
2.83532959,1.861320349,3.446108996,2.478774692
4.049586996,1.046767582,2.947559169,4.07671385
3.704486872,17.32716755,3.186522257,4.74341218
4.063657251,0.483655516,3.319820238,2.34737125
4.365859041,3.10817868,2.3687995,2.313620733
2.662788229,3.521711571,3.573753244,2.181336735
4.058276633,3.382563775,2.934477835,3.709499911
5.205679558,1.31775537,2.993575711,2.010067132
2.72884106,1.538060274,2.873759631,2.878134865
3.966257852,0.585719231,2.870145667,2.196504503
3.548990779,1.662260195,3.005495385,2.395435265
2.776748073,2.410803832,2.704226838,6.370835746
3.730346713,3.286129794,1.464120495,2.742715106
4.535824007,5.563193495,3.528512489,2.169516269
4.260404082,8.494003954,2.281398217,2.955506385
4.640215034,2.985838721,2.774061171,2.091338119
3.740389665,4.04710919,3.578810318,2.210656208
4.169686299,1.005454453,3.651318347,2.35719251
1.443440562,4.320846822,3.188290811,3.167371383
3.297867269,0.451373204,2.304339849,2.772840752
4.489685012,4.101872148,2.756255695,2.389269363
4.453259018,5.102727268,2.662959671,3.899766641
2.344585675,2.070800782,2.996826174,2.250701872
2.113980048,0.563939082,2.959802237,3.46902653
5.07285322,3.538182011,4.028750285,8.149706888
3.564045452,0.587555016,2.085047521,7.85954179
2.913621771,4.931502857,3.49324819,2.314619105
4.681795656,0.681810923,2.81664115,2.982129296
5.233900047,0.018874663,2.166243774,3.2929842
5.515123781,0.000909343,3.777503353,5.632471646
5.261248383,0.207901164,2.995473695,3.769627226
4.946841906,0.872330952,2.496703549,6.946743138
2.814750439,0.969509801,3.661640115,5.403495631
5.626254155,1.415397413,2.616813814,2.033921329
4.153082345,1.133338282,2.979964217,2.169633292
3.249159709,0.582757519,2.285807564,3.821800345
1.780534976,3.889427351,3.553110066,3.689931641
3.792045283,0.491205269,3.270849148,3.374521045
5.245571356,1.5434026,3.534468123,2.975928986
3.291228547,3.160422281,2.227850005,5.476584898
3.803557999,1.0664744,2.731089334,2.827876224
4.294249165,2.610883459,2.555834145,3.492302071
4.251650552,0.576828534,2.688086247,5.686136633
3.349608111,2.208403856,4.728656706,2.967121977
5.186329344,9.524881165,3.154467248,2.946980441
4.577170537,0.222848441,2.206548224,2.507266671
6.119442044,4.43763668,2.58926888,4.593114939
4.504178478,3.321343359,2.971173751,3.980257125
3.285932649,2.055838755,4.157463275,10.38993453
5.595923323,3.813022622,3.199002491,2.495305319
3.670736407,2.829237535,2.416456613,2.256408171
5.785511237,0.528600662,2.214140953,4.597344191
3.414919738,12.84677502,3.389294345,2.410155949
3.68492869,4.486887667,3.185572062,2.364352461
3.568723858,1.944859912,4.165943631,2.459490762
3.848457346,3.381442504,2.716461476,2.061284645
1.770447601,3.63187106,2.550662588,2.556102517
3.143964248,1.201716301,1.672123118,6.560546932
1.782422822,1.860434089,2.299498163,3.152134107
4.083495519,2.282120051,1.760326418,2.122809915
0.876038588,1.492460944,2.077141663,6.797397704
4.959574876,0.23171345,2.313812648,2.447621494
4.430434935,2.916656084,4.036290763,4.546711576
4.883705147,1.595043299,2.837294907,3.655018861
3.404148293,1.716756129,2.191515783,12.60508963
4.500303842,6.082555482,2.080205488,3.849661202
4.324668623,6.975253764,2.651375507,2.43490203
2.025896387,0.320082667,2.640541375,11.5248174
3.664804338,0.976625727,2.164119228,2.873113541
3.599523684,1.012343725,1.766518024,3.216740145
4.195458273,5.890604179,1.185551564,3.310561449
3.620545599,0.583023846,2.297538522,2.405335522
4.400600484,3.087922097,2.816783577,2.071910849
2.569842104,1.729726447,2.33177225,2.186775509
5.394307646,0.044760448,2.48728963,4.025432855
3.534400358,3.490610722,2.543902019,2.029791528
4.3145382,1.474756129,2.530464827,2.874734188
4.94924725,9.678313798,2.869760811,2.327054676
3.559378985,0.111724876,3.423983187,2.220472371
5.310983616,6.584640576,3.612623445,8.851098051
4.372740672,10.06503132,2.227149671,5.952614787
3.718301846,0.474872345,2.253409816,3.321468551
4.297793928,0.132592933,3.544519025,5.385046348
4.98049562,1.620843199,1.926495073,3.299720043
4.158715029,0.802529261,2.083243401,2.591081172
5.356741587,12.57169798,2.231473618,6.538635151
3.984793941,0.482737137,2.353286856,4.742200675
4.553414587,0.342014699,2.454343926,2.202643476
4.450435455,0.037304443,2.391079856,3.707633414
5.342536548,0.672825043,1.97889258,3.17442651
2.950319284,1.099039271,1.855471798,2.162755613
2.809282395,0.336639885,1.828003703,2.045418124
5.668226086,3.722717034,2.304712021,2.811559173
5.156823527,0.172408187,4.22828086,2.322968684
4.230029974,3.906758308,1.931164706,4.885488587
4.88695635,0.442991386,3.665172742,5.153577817
6.420081035,0.818614649,3.021439426,2.881079709
5.061290374,1.610953268,2.507622373,11.52078621
4.810887462,4.318325223,3.177211466,2.817235686
5.711949832,0.968495956,2.414034606,3.173841181
3.611322148,5.766466012,1.622411854,5.198967581
5.000303578,4.894173109,3.938914503,2.880719894
3.546511594,1.624152924,2.305023872,3.056505154
3.171048912,1.518455108,2.357395448,5.371663488
4.264874502,0.105395969,2.802000426,2.905168742
4.074772025,1.850059086,2.383553402,14.97431621
5.34261546,1.817821738,2.005989772,3.578744704
3.107977859,6.429595235,4.171154941,2.333026055
4.621753806,0.270460282,2.706043375,2.12254659
3.271547653,0.794449102,2.022125923,3.711801796
3.212612989,0.321963393,3.504970881,2.76963985
5.955051421,2.061223528,3.079411485,157.9402056
4.607115132,1.205301293,2.580769662,2.58552242
3.285572215,2.551582119,3.737220371,2.54878957
2.681297561,1.187266388,1.918623796,12.85513983
3.457925602,4.008010042,2.171867089,2.990098194
4.863072902,1.992694104,2.052284179,2.179866531
3.68537527,2.29922974,2.639847563,12.98879693
3.133486356,1.510477696,4.166158873,11.19982488
4.59566279,2.358167251,1.676109325,2.536706193
3.485628453,0.729995716,2.320480609,3.345559185
1.608341221,4.312400383,2.999779633,3.96133903
4.942749096,2.111833932,4.306179739,5.160179976
5.107536826,3.670234663,2.004229855,25.59602935
4.958591064,1.648817023,1.401826753,2.782192531
4.540407234,2.174886896,2.340490356,2.3119031
4.714730667,1.008792594,2.159133934,4.113127761
4.300358259,0.623968694,1.545001668,4.080062589
4.257985885,0.785982336,3.585752026,2.11266093
4.972461055,5.331211614,1.699921498,2.009855807
3.151741977,0.561563025,4.536315997,2.721113906
3.983069497,8.198033301,2.765848222,3.283907572
3.323713852,0.095618725,2.549647262,2.345399692
4.137321473,5.723150804,2.148026625,2.266664403
2.972031198,6.152713786,2.877722463,10.90833118
3.473925501,0.290430241,2.755831484,2.271280802
4.803189257,6.59662028,2.448306502,8.347789633
4.250825905,6.407984633,2.544211167,2.877336757
4.091019112,3.168880564,4.552927705,4.326641558
6.699304843,0.384909445,2.729941681,2.748012523
2.92706109,1.348200673,4.333897524,2.093687687
3.875167685,7.640842842,2.389601994,14.06012015
2.379717308,0.518120478,2.36971694,2.856222235
4.477035837,0.850836781,2.319959867,2.155842405
4.032155933,1.800332684,2.93457626,3.188460169
4.395968581,2.590462246,3.567212475,3.475528918
5.263686834,0.352931638,3.619677142,2.068641272
3.212006362,9.557603636,2.196231992,2.102562469
2.94360623,0.317680043,3.576521732,4.093415104
3.90965979,3.755212658,2.800059807,2.832370251
4.241484869,6.151752652,3.166501465,6.328535326
4.732797371,0.706813428,1.81393225,2.415139387
4.812156929,4.395718539,2.623658718,2.158333472
2.679181893,0.85707384,2.800830795,2.437503115
4.727124326,0.410153129,4.87788228,4.464352442
3.69310891,3.914195703,4.481472361,2.882312336
1.930838849,1.453183288,2.799248212,7.172279903
4.13664113,0.514865397,1.969614891,4.303233032
2.568307457,7.127742342,2.531006773,3.231184901
3.463588062,1.610564255,3.04035973,2.078940425
5.377271796,7.305013644,2.220937248,2.439997565
6.114534449,0.028166509,2.685580361,2.481195012
2.194092638,0.340040109,2.882051951,5.234630817
2.815643056,2.530027887,1.963964307,2.256093763
4.685715223,0.603547509,1.687141096,3.664580251
4.521684654,0.152862854,1.409200699,2.621916759
4.018094057,2.002409243,1.056608924,2.877116965
3.434113206,1.04733581,4.082628211,3.71524621
2.8467632,0.78748506,2.64466783,2.496893609
3.332324936,0.57877333,2.149214656,5.36080393
2.433223724,4.805775371,3.768099359,2.312864879
4.379506683,0.597251971,2.621973329,12.40562534
1.483622266,1.204326223,2.334171148,2.927242203
4.05700178,0.646712986,3.224624433,2.62591693
2.540250659,2.072809075,1.650712356,4.531364874
2.079883097,0.530368281,2.871970573,2.026819239
2.515561554,2.535226586,3.7910894,2.069972604
3.346564282,1.989710191,2.284786041,2.958952549
1.933346815,5.265203995,4.712724658,2.205163
4.15003235,3.521415499,3.874335351,3.258363406
5.425047983,2.769868978,3.318764566,9.771678406
4.467322574,1.144265342,2.900011614,4.063517772
2.886201851,8.959403181,2.756296631,3.196244082
3.943807872,2.574060581,3.368499111,6.636023564
3.394032949,0.510313384,2.262193307,2.147087452
2.996419502,0.005729318,3.471206194,2.393642335
3.996773756,1.700080412,2.064343153,2.339584227
3.350165476,0.036289625,2.919140815,3.16017215
4.911771557,0.983734327,3.715557992,2.021075165
4.489575666,1.622933988,3.055705853,2.216775666
4.808614394,0.77072202,2.695460487,3.750909576
4.269504429,7.350222397,3.595248381,2.259273775
2.749094613,4.375381698,3.345401699,2.122116297
4.641291619,1.522601078,2.39942479,5.404236295
4.386090417,1.561647405,3.356357215,2.168013206
1.617815734,0.919208373,2.990852454,2.053556062
4.035689496,0.06816045,2.829804286,3.540157718
3.61962851,11.73008046,2.233132889,3.295304827
4.485627495,1.513177274,3.13671484,2.674055813
4.296852833,4.992182012,3.4700717,2.453343193
3.882707387,2.73319695,1.899672351,4.229840847
2.23690178,0.747338799,2.096627045,2.031491709
3.790258899,1.241078239,3.308248504,3.030931515
4.261479402,4.05819155,3.199441809,2.182874424
4.1789938,1.948520749,3.473582902,2.787852339
5.113742007,4.42251638,1.512838107,2.090139815
5.70930872,1.984507303,3.511160314,2.119602132
2.799740327,4.480726022,2.383754126,3.060365277
2.754591272,9.247741865,2.024603805,2.917565906
5.053270396,0.85815624,3.798822788,2.028448998
3.468441106,2.828848601,3.438253331,2.91351521
5.76839994,0.473458663,2.260566926,2.899234151
3.376666584,1.585767536,3.487116837,2.036144898
4.203829976,3.142995657,2.782933468,2.760999949
2.706261105,1.123071787,3.849718384,2.122302515
2.586091216,2.009939008,2.465124159,4.629993652
5.099137134,1.41172601,3.388170494,2.376629953
4.76109561,2.342460728,2.136041466,2.860379657
4.112131616,2.01311239,2.353677312,2.068358991
4.456310148,2.022271595,2.163711638,2.853657219
2.749184969,7.853760837,5.778800939,3.160299306
4.536080816,0.898353812,3.203531341,3.101241591
4.907571193,0.990758468,1.867247324,11.06574256
3.289567373,0.932118502,4.047187367,4.352347808
2.881495659,2.101743911,3.188660943,2.558639929
4.145303007,0.160873786,1.962789866,2.156396133
4.347200029,1.418535472,3.232519905,2.208282969
4.103986665,4.334987054,2.509609222,2.581739445
5.636864221,0.37181321,2.554786876,2.55085632
2.193527999,1.071644494,2.418223759,3.466085054
3.829554836,2.534689841,3.16729093,2.13450535
5.177259045,1.410254491,3.265733629,3.740828793
2.98160578,5.182588002,2.072443579,5.242410069
3.569397953,0.540574094,2.975585779,3.929406694
4.245080464,0.48940186,2.687415328,3.029144757
5.508508738,6.985117919,2.688613237,4.180028449
4.893121373,0.510299721,3.363954052,2.68795045
3.009427936,0.186335789,3.187094053,11.34710256
4.160228799,1.484362174,2.045000479,2.544862868
5.188722708,0.830585951,2.82839555,2.986680059
3.545380398,1.942068538,4.669098808,3.078139867
4.405601873,3.709474319,3.402097449,3.064127278
2.949237695,6.879977626,3.813365569,2.602235661
2.991905846,24.1739737,2.36626576,2.374374277
3.780465014,2.497017071,1.802288771,4.864517634
2.797281502,2.514254766,2.352546821,2.09427363
4.643752253,3.174662517,2.186862341,5.110153892
3.178220525,0.825857124,1.972030159,2.427211134
4.232741986,2.194569752,1.668992798,2.419379505
4.060105504,0.801553159,1.738163485,3.603957887
3.943397676,1.52509959,2.563642967,7.85784671
4.7463191,7.955976705,2.921016406,2.348053554
5.043574635,3.915383823,2.537537724,3.356750693
4.716573961,8.540611378,1.865953222,3.935606075
3.616359726,2.727641513,3.028615175,2.065791689
3.271806703,10.92399328,3.152282496,19.65458389
4.957385163,1.957433622,2.997074681,3.073320171
4.071746252,3.29356575,3.244418437,2.028427408
3.605489999,1.123766149,1.97941754,3.480646153
3.680340544,8.202728408,2.414003129,2.395585135
3.929388673,2.043402639,2.710097754,2.819186112
1.647077864,3.167120279,5.197515495,2.639135239
2.996272943,2.038622907,2.327461636,2.513427302
3.615600972,4.333833744,2.568313209,4.425279999
4.429729777,5.768813123,2.131965702,2.451245975
4.255862913,10.81306128,2.920739312,2.877820214
4.453382164,8.091415607,2.69670631,3.610913587
3.050473667,1.079388758,2.538012834,4.104439382
5.581135339,12.0522499,2.196946008,4.336853237
5.265665605,2.275930004,2.800125465,2.99705048
4.022548846,0.582357886,2.833380056,2.259276265
5.219555646,4.751701427,3.744620863,2.497999247
4.625758063,3.89695259,2.605729258,2.123290813
4.338419531,3.027977242,1.496288869,2.296846834
3.920497582,0.643341334,2.586206096,4.527360089
2.248024764,0.465366567,2.508132732,2.508876063
4.277362208,2.636432077,2.529793349,3.642418899
4.634695271,2.709776396,3.590487991,6.32676883
3.742045657,0.835491641,3.376272866,5.286964951
4.44530818,8.04232051,2.702349853,2.777036633
6.343354834,2.794883542,3.350836807,4.387318811
5.273745488,3.85591996,3.195592582,3.31885582
2.584896026,1.7395132,2.241285144,2.685584282
3.942446414,5.969680213,2.598917387,2.49595703
3.488671237,0.536405849,2.569454362,10.57344872
2.983333417,0.376011969,3.366103662,2.51529054
4.105230043,1.364825305,2.618235657,2.877999716
3.065158598,0.501725509,3.475855449,2.56794231
4.54426133,1.337271313,3.338832699,2.396834659
3.568928625,1.299402012,2.739227772,2.804264989
2.946628597,1.175796254,2.816631221,2.311785807
4.626243634,1.267714232,1.867810219,2.268538512
3.283876393,2.610564825,3.480537462,2.160059983
3.126195452,3.908683286,2.742318775,3.869183529
4.664379129,0.527883642,2.357857882,6.81333512
2.280739496,6.804067128,3.151747972,2.089471439
3.21335551,0.399676835,2.273281426,3.528809459
3.290101027,1.315921296,2.461350958,4.516293502
4.932917602,1.804225688,3.448391537,2.216523566
3.240164508,3.993188783,3.84668035,3.071799255
3.393049504,5.238721053,2.903158273,5.124861425
2.221858553,2.80739617,1.866099502,5.821757901
4.658436395,0.682813379,2.22710151,8.66428344
4.052774814,0.712687645,1.697549824,8.70603108
3.970820615,1.177604464,2.867174148,2.803136902
4.694820918,0.004208615,2.521152071,2.37428952
